Datetime,Water Level (m)
2025-07-10 12:00:00,0.57149774
2025-07-10 13:00:00,0.38005513
2025-07-10 14:00:00,0.20708083
2025-07-10 15:00:00,0.07987026
2025-07-10 16:00:00,0.11030468
2025-07-10 17:00:00,0.28484932
2025-07-10 18:00:00,0.4831836
2025-07-10 19:00:00,0.7037327
2025-07-10 20:00:00,0.8610037
2025-07-10 21:00:00,0.8747798
2025-07-10 22:00:00,0.7308699
2025-07-10 23:00:00,0.5674073
2025-07-11 00:00:00,0.3803854
2025-07-11 01:00:00,0.19825056
2025-07-11 02:00:00,0.03409661
2025-07-11 03:00:00,-0.057935454
2025-07-11 04:00:00,0.052005764
2025-07-11 05:00:00,0.25531507
2025-07-11 06:00:00,0.5064997
2025-07-11 07:00:00,0.79782706
2025-07-11 08:00:00,1.0237393
2025-07-11 09:00:00,1.159973
2025-07-11 10:00:00,1.1175151
2025-07-11 11:00:00,0.9410866
2025-07-11 12:00:00,0.7519218
2025-07-11 13:00:00,0.5479244
2025-07-11 14:00:00,0.351173
2025-07-11 15:00:00,0.18206885
2025-07-11 16:00:00,0.08864746
2025-07-11 17:00:00,0.20100537
2025-07-11 18:00:00,0.39573467
2025-07-11 19:00:00,0.61185664
2025-07-11 20:00:00,0.8288991
2025-07-11 21:00:00,0.9393168
2025-07-11 22:00:00,0.8688205
2025-07-11 23:00:00,0.7112709
2025-07-12 00:00:00,0.535379
2025-07-12 01:00:00,0.34577677
2025-07-12 02:00:00,0.16615082
2025-07-12 03:00:00,0.01216738
2025-07-12 04:00:00,-0.04416375
2025-07-12 05:00:00,0.12222416
2025-07-12 06:00:00,0.34729436
2025-07-12 07:00:00,0.63624233
2025-07-12 08:00:00,0.9290478
2025-07-12 09:00:00,1.1466837
2025-07-12 10:00:00,1.2276508
2025-07-12 11:00:00,1.0956613
2025-07-12 12:00:00,0.90870625
2025-07-12 13:00:00,0.70671535
2025-07-12 14:00:00,0.5019741
2025-07-12 15:00:00,0.31062472
2025-07-12 16:00:00,0.15160014
2025-07-12 17:00:00,0.12476676
2025-07-12 18:00:00,0.3031087
2025-07-12 19:00:00,0.5149505
2025-07-12 20:00:00,0.7615042
2025-07-12 21:00:00,0.9568673
2025-07-12 22:00:00,1.020227
2025-07-12 23:00:00,0.89374834
2025-07-13 00:00:00,0.7312661
2025-07-13 01:00:00,0.5453264
2025-07-13 02:00:00,0.35808238
2025-07-13 03:00:00,0.18588634
2025-07-13 04:00:00,0.05149918
2025-07-13 05:00:00,0.066023685
2025-07-13 06:00:00,0.2766726
2025-07-13 07:00:00,0.5299511
2025-07-13 08:00:00,0.8391408
2025-07-13 09:00:00,1.1145436
2025-07-13 10:00:00,1.2901821
2025-07-13 11:00:00,1.2730604
2025-07-13 12:00:00,1.0936402
2025-07-13 13:00:00,0.9019949
2025-07-13 14:00:00,0.68389523
2025-07-13 15:00:00,0.4851609
2025-07-13 16:00:00,0.30445132
2025-07-13 17:00:00,0.17551738
2025-07-13 18:00:00,0.22110856
2025-07-13 19:00:00,0.42663082
2025-07-13 20:00:00,0.65525866
2025-07-13 21:00:00,0.9044908
2025-07-13 22:00:00,1.0736488
2025-07-13 23:00:00,1.0711676
2025-07-14 00:00:00,0.91913736
2025-07-14 01:00:00,0.749714
2025-07-14 02:00:00,0.5598482
2025-07-14 03:00:00,0.3783512
2025-07-14 04:00:00,0.21597724
2025-07-14 05:00:00,0.11475999
2025-07-14 06:00:00,0.23224302
2025-07-14 07:00:00,0.47408184
2025-07-14 08:00:00,0.7634511
2025-07-14 09:00:00,1.069802
2025-07-14 10:00:00,1.3060232
2025-07-14 11:00:00,1.410232
2025-07-14 12:00:00,1.2915194
2025-07-14 13:00:00,1.097701
2025-07-14 14:00:00,0.8983905
2025-07-14 15:00:00,0.68317753
2025-07-14 16:00:00,0.49298882
2025-07-14 17:00:00,0.33320698
2025-07-14 18:00:00,0.26773894
2025-07-14 19:00:00,0.42075095
2025-07-14 20:00:00,0.6417903
2025-07-14 21:00:00,0.8968717
2025-07-14 22:00:00,1.125645
2025-07-14 23:00:00,1.248593
2025-07-15 00:00:00,1.1664995
2025-07-15 01:00:00,1.0073978
2025-07-15 02:00:00,0.8209656
2025-07-15 03:00:00,0.62233406
2025-07-15 04:00:00,0.44690993
2025-07-15 05:00:00,0.29640138
2025-07-15 06:00:00,0.24219908
2025-07-15 07:00:00,0.4147368
2025-07-15 08:00:00,0.6596665
2025-07-15 09:00:00,0.9537733
2025-07-15 10:00:00,1.2294242
2025-07-15 11:00:00,1.4110638
2025-07-15 12:00:00,1.4193646
2025-07-15 13:00:00,1.2450686
2025-07-15 14:00:00,1.042444
2025-07-15 15:00:00,0.84359986
2025-07-15 16:00:00,0.6378977
2025-07-15 17:00:00,0.45600268
2025-07-15 18:00:00,0.31405365
2025-07-15 19:00:00,0.30006358
2025-07-15 20:00:00,0.48827806
2025-07-15 21:00:00,0.7147811
2025-07-15 22:00:00,0.9680769
2025-07-15 23:00:00,1.1760175
2025-07-16 00:00:00,1.2517215
2025-07-16 01:00:00,1.1296716
2025-07-16 02:00:00,0.9693746
2025-07-16 03:00:00,0.7925542
2025-07-16 04:00:00,0.5998323
2025-07-16 05:00:00,0.4344428
2025-07-16 06:00:00,0.30764386
2025-07-16 07:00:00,0.3140403
2025-07-16 08:00:00,0.5145238
2025-07-16 09:00:00,0.75950176
2025-07-16 10:00:00,1.0394783
2025-07-16 11:00:00,1.2774118
2025-07-16 12:00:00,1.3993402
